id,pred
2019_1101_1113,0.31154101892625924
2019_1101_1120,0.05725128161016509
2019_1101_1124,0.20787890648786514
2019_1101_1125,0.3293945635098366
2019_1101_1133,0.48420556752451943
2019_1101_1138,0.11322771433896012
2019_1101_1153,0.16055207541706062
2019_1101_1159,0.4203076139732158
2019_1101_1181,0.03876305833598116
2019_1101_1192,0.6222557779173642
2019_1101_1196,0.1883029164183058
2019_1101_1199,0.12447063444924604
2019_1101_1205,0.5472866915014172
2019_1101_1209,0.35108839475331244
2019_1101_1211,0.050017248129858916
2019_1101_1222,0.10281358362176161
2019_1101_1233,0.7292296834574798
2019_1101_1234,0.2900971102427571
2019_1101_1235,0.13045173190257656
2019_1101_1242,0.15832999814750698
2019_1101_1243,0.16391869080801383
2019_1101_1246,0.07449859444092191
2019_1101_1251,0.3013733256292309
2019_1101_1257,0.24674056676006823
2019_1101_1261,0.0858372014057768
2019_1101_1266,0.21985528839761606
2019_1101_1268,0.17538105903607723
2019_1101_1276,0.05967045844521513
2019_1101_1277,0.07702886751247076
2019_1101_1278,0.3410403694795713
2019_1101_1279,0.20103030485399181
2019_1101_1280,0.09724509187513998
2019_1101_1285,0.4394365933700437
2019_1101_1293,0.2952248060120247
2019_1101_1295,0.7901841796726088
2019_1101_1297,0.15238926913390857
2019_1101_1300,0.7164321829730247
2019_1101_1305,0.25200022397765737
2019_1101_1308,0.3294707697021229
2019_1101_1314,0.07187000533614156
2019_1101_1318,0.3370275545395554
2019_1101_1326,0.34882492091232475
2019_1101_1328,0.3464222996449847
2019_1101_1330,0.2614850623921331
2019_1101_1332,0.16008654801950384
2019_1101_1341,0.6334821672998522
2019_1101_1345,0.06012941805654169
2019_1101_1371,0.28042148647379755
2019_1101_1385,0.3039995319116364
2019_1101_1387,0.3004748590178312
2019_1101_1388,0.1835441327891128
2019_1101_1393,0.1920896628926618
2019_1101_1396,0.47870320402810773
2019_1101_1397,0.08781520202484899
2019_1101_1403,0.09294860986449135
2019_1101_1414,0.22235092777004606
2019_1101_1416,0.4096587064478445
2019_1101_1429,0.2793117537763351
2019_1101_1433,0.2401798085538271
2019_1101_1436,0.2743657916841549
2019_1101_1437,0.17057522922676593
2019_1101_1438,0.037823206695578884
2019_1101_1439,0.07858957883963316
2019_1101_1449,0.17773349678877676
2019_1101_1458,0.11782188998763327
2019_1101_1459,0.15153329423576983
2019_1101_1463,0.4729112124367164
2019_1113_1120,0.12111298255138132
2019_1113_1124,0.37004304019906326
2019_1113_1125,0.5178939559877287
2019_1113_1133,0.6707487897393244
2019_1113_1138,0.21915286378189053
2019_1113_1153,0.2993019795756673
2019_1113_1159,0.6157932902669395
2019_1113_1181,0.08272708957407612
2019_1113_1192,0.7857945454819785
2019_1113_1196,0.34177128078548324
2019_1113_1199,0.2423648588948447
2019_1113_1205,0.727778166140725
2019_1113_1209,0.5400411236030087
2019_1113_1211,0.1048481103000328
2019_1113_1222,0.20101464358051416
2019_1113_1233,0.8583528768701927
2019_1113_1234,0.476260774173529
2019_1113_1235,0.25153016334439626
2019_1113_1242,0.2971238341262882
2019_1113_1243,0.30535173172320107
2019_1113_1246,0.15433633863651697
2019_1113_1251,0.48994534396826434
2019_1113_1257,0.42234490310659556
2019_1113_1261,0.17337537341791065
2019_1113_1266,0.38660478790717046
2019_1113_1268,0.32282545700369314
2019_1113_1276,0.12515851609003203
2019_1113_1277,0.15846791036893032
2019_1113_1278,0.5340655252460826
2019_1113_1279,0.36040669647520907
2019_1113_1280,0.19525694302937968
2019_1113_1285,0.6351993324545815
2019_1113_1293,0.4772135023199574
2019_1113_1295,0.8938933577295733
2019_1113_1297,0.28791307910111197
2019_1113_1300,0.8504323747269906
2019_1113_1305,0.42907838602873705
2019_1113_1308,0.5214358002957875
2019_1113_1314,0.1485753096916892
2019_1113_1318,0.5310713866981824
2019_1113_1326,0.5440404977960347
2019_1113_1328,0.5413541169817848
2019_1113_1330,0.44047185958151786
2019_1113_1332,0.3000943719860445
2019_1113_1341,0.7897799489327006
2019_1113_1345,0.12501511814894967
2019_1113_1371,0.46503532571662487
2019_1113_1385,0.49331637699257236
2019_1113_1387,0.48902627654059283
2019_1113_1388,0.33294423939962203
2019_1113_1393,0.3476840441960133
2019_1113_1396,0.6714915535132568
2019_1113_1397,0.1798173882675002
2019_1113_1403,0.18828458445651414
2019_1113_1414,0.38713745088541596
2019_1113_1416,0.6070672819817499
2019_1113_1429,0.4636133650045549
2019_1113_1433,0.41383123857415116
2019_1113_1436,0.45604086366279667
2019_1113_1437,0.31494611468365385
2019_1113_1438,0.08047134087937957
2019_1113_1439,0.160154067739539
2019_1113_1449,0.3252369235450888
2019_1113_1458,0.23110337484625068
2019_1113_1459,0.2853388027516909
2019_1113_1463,0.6651164776393503
2019_1120_1124,0.812197020690332
2019_1120_1125,0.8854173441381525
2019_1120_1133,0.9374591619972878
2019_1120_1138,0.6745981579125035
2019_1120_1153,0.7599698637289898
2019_1120_1159,0.920926551776573
2019_1120_1181,0.4002390091196623
2019_1120_1192,0.9646411429607109
2019_1120_1196,0.7932231937456837
2019_1120_1199,0.7009248498435161
2019_1120_1205,0.9522766106916375
2019_1120_1209,0.8928388864262371
2019_1120_1211,0.46502141072140907
2019_1120_1222,0.6501374454294886
2019_1120_1233,0.9779247781164879
2019_1120_1234,0.8697839223541335
2019_1120_1235,0.7129336102451267
2019_1120_1242,0.7553941367733725
2019_1120_1243,0.7640690538932455
2019_1120_1246,0.5692846065962549
2019_1120_1251,0.8770203292685715
2019_1120_1257,0.8443039160556332
2019_1120_1261,0.6084101489840159
2019_1120_1266,0.8214519550877193
2019_1120_1268,0.7782921733763789
2019_1120_1276,0.5121601082498801
2019_1120_1277,0.5795423397176842
2019_1120_1278,0.8938890510133737
2019_1120_1279,0.8033952650165008
2019_1120_1280,0.6401316907697813
2019_1120_1285,0.9283723407418936
2019_1120_1293,0.8675448169365809
2019_1120_1295,0.9842300385826618
2019_1120_1297,0.746660884665312
2019_1120_1300,0.9757740211482724
2019_1120_1305,0.8461424367068594
2019_1120_1308,0.8892997806482741
2019_1120_1314,0.5615081996500173
2019_1120_1318,0.8937744969237649
2019_1120_1326,0.8986560163005946
2019_1120_1328,0.8976231895659899
2019_1120_1330,0.850769368493282
2019_1120_1332,0.7548661497807757
2019_1120_1341,0.9618070809573553
2019_1120_1345,0.5141697748333962
2019_1120_1371,0.8654740624143759
2019_1120_1385,0.8783311301301913
2019_1120_1387,0.8766704521842423
2019_1120_1388,0.7872790670919982
2019_1120_1393,0.7948974046702459
2019_1120_1396,0.9375897811511636
2019_1120_1397,0.60722848375359
2019_1120_1403,0.6267263650163175
2019_1120_1414,0.8232882452723724
2019_1120_1416,0.9199370037937181
2019_1120_1429,0.8645931128407981
2019_1120_1433,0.8394760344611799
2019_1120_1436,0.8610418124308332
2019_1120_1437,0.772981593975372
2019_1120_1438,0.393680458329731
2019_1120_1439,0.5853537570885228
2019_1120_1449,0.7648214128234188
2019_1120_1458,0.6878142531036859
2019_1120_1459,0.7472811628921856
2019_1120_1463,0.9366642763373529
2019_1124_1125,0.6441683255938446
2019_1124_1133,0.7787705281827119
2019_1124_1138,0.3259194773736034
2019_1124_1153,0.4218598055493866
2019_1124_1159,0.7296836981860468
2019_1124_1181,0.1333735332643703
2019_1124_1192,0.862586421811036
2019_1124_1196,0.4695066624056042
2019_1124_1199,0.3513751472735762
2019_1124_1205,0.8217744910105365
2019_1124_1209,0.6657096323514131
2019_1124_1211,0.1672512527714246
2019_1124_1222,0.3026266364516023
2019_1124_1233,0.9103661502475755
2019_1124_1234,0.6081106269916738
2019_1124_1235,0.36406073942232886
2019_1124_1242,0.4171542265583263
2019_1124_1243,0.4278100645169459
2019_1124_1246,0.23444378613301642
2019_1124_1251,0.6216360124822173
2019_1124_1257,0.5555447828914787
2019_1124_1261,0.2637594371742714
2019_1124_1266,0.51683263198287
2019_1124_1268,0.4477784797676489
2019_1124_1276,0.19487219152104673
2019_1124_1277,0.24136716500037805
2019_1124_1278,0.6623007441051959
2019_1124_1279,0.4879585042730501
2019_1124_1280,0.2911207682094338
2019_1124_1285,0.7494407823276377
2019_1124_1293,0.6064781244954076
2019_1124_1295,0.9347820955085233
2019_1124_1297,0.40605484988817764
2019_1124_1300,0.9024996817495601
2019_1124_1305,0.5611366919737327
2019_1124_1308,0.6498586400195951
2019_1124_1314,0.22799671872392202
2019_1124_1318,0.6598478562955439
2019_1124_1326,0.6714957540687987
2019_1124_1328,0.6691485243564422
2019_1124_1330,0.5717742634320913
2019_1124_1332,0.4187884248478724
2019_1124_1341,0.8554747666494174
2019_1124_1345,0.19621556086492137
2019_1124_1371,0.5977580575013551
2019_1124_1385,0.624943146043173
2019_1124_1387,0.6208523771856285
2019_1124_1388,0.4608746229074935
2019_1124_1393,0.47422519521519363
2019_1124_1396,0.7758539828712766
2019_1124_1397,0.2665726458839113
2019_1124_1403,0.28036278385238644
2019_1124_1414,0.5193142236040558
2019_1124_1416,0.725779597944207
2019_1124_1429,0.5962458162654503
2019_1124_1433,0.5467203794750606
2019_1124_1436,0.5887889268418118
2019_1124_1437,0.43969902887034346
2019_1124_1438,0.13043043537866422
2019_1124_1439,0.2455439473225851
2019_1124_1449,0.4421273656675096
2019_1124_1458,0.3373253786135255
2019_1124_1459,0.405286996770195
2019_1124_1463,0.7737583452039228
2019_1125_1133,0.6595578770197925
2019_1125_1138,0.22386478401889395
2019_1125_1153,0.2921081843081269
2019_1125_1159,0.5888041929855765
2019_1125_1181,0.08307748394320247
2019_1125_1192,0.7632706384297779
2019_1125_1196,0.33011725090554617
2019_1125_1199,0.23250984024648627
2019_1125_1205,0.7094711359253433
2019_1125_1209,0.5243486223304468
2019_1125_1211,0.10665041552975968
2019_1125_1222,0.20675669178914588
2019_1125_1233,0.8316056783019092
2019_1125_1234,0.45866709168322206
2019_1125_1235,0.24483036446641387
2019_1125_1242,0.2838557519632701
2019_1125_1243,0.2943913514448891
2019_1125_1246,0.14564010985020362
2019_1125_1251,0.473452572996789
2019_1125_1257,0.4082989519084542
2019_1125_1261,0.17203707065525528
2019_1125_1266,0.36990960088122543
2019_1125_1268,0.3108177727532947
2019_1125_1276,0.12134134196705357
2019_1125_1277,0.1523820805877656
2019_1125_1278,0.5164871270794081
2019_1125_1279,0.34323203208260056
2019_1125_1280,0.18793245122163318
2019_1125_1285,0.615149724660561
2019_1125_1293,0.4641543872877042
2019_1125_1295,0.876468340981924
2019_1125_1297,0.27446165398039063
2019_1125_1300,0.8132071439275261
2019_1125_1305,0.4117919683696804
2019_1125_1308,0.5031209875569883
2019_1125_1314,0.1437529821062698
2019_1125_1318,0.51266613268547
2019_1125_1326,0.5251911947639283
2019_1125_1328,0.5227367482414432
2019_1125_1330,0.4219497650984973
2019_1125_1332,0.28293753132699273
2019_1125_1341,0.7396121864553014
2019_1125_1345,0.1251469294214161
2019_1125_1371,0.4484525037720847
2019_1125_1385,0.4760628768698477
2019_1125_1387,0.472437911178503
2019_1125_1388,0.32737508361491724
2019_1125_1393,0.33138642081344816
2019_1125_1396,0.643418618108083
2019_1125_1397,0.16459978126883157
2019_1125_1403,0.17772784816082166
2019_1125_1414,0.3800171111383541
2019_1125_1416,0.5858941191935486
2019_1125_1429,0.446803616424886
2019_1125_1433,0.39962784837489734
2019_1125_1436,0.4427030909235287
2019_1125_1437,0.3061264891737973
2019_1125_1438,0.0820896896860557
2019_1125_1439,0.1588173956142086
2019_1125_1449,0.299267457594508
2019_1125_1458,0.22198287610888573
2019_1125_1459,0.278213974908437
2019_1125_1463,0.6465331517510144
2019_1133_1138,0.11827788273822971
2019_1133_1153,0.17028351606823822
2019_1133_1159,0.4346942278037327
2019_1133_1181,0.041527338066665205
2019_1133_1192,0.6369657018203048
2019_1133_1196,0.20021552491421157
2019_1133_1199,0.13397527523686123
2019_1133_1205,0.5623921057056259
2019_1133_1209,0.36993229756718293
2019_1133_1211,0.05318093362558677
2019_1133_1222,0.10732356930879419
2019_1133_1233,0.7440236113031355
2019_1133_1234,0.3064803966533026
2019_1133_1235,0.1392561102130994
2019_1133_1242,0.17010425011151714
2019_1133_1243,0.175057317756721
2019_1133_1246,0.0812840766440325
2019_1133_1251,0.31521012045024877
2019_1133_1257,0.26014999238199127
2019_1133_1261,0.09151621660719254
2019_1133_1266,0.2346445155300413
2019_1133_1268,0.1871807412314522
2019_1133_1276,0.06454722531499882
2019_1133_1277,0.08337421185772548
2019_1133_1278,0.35821923156756974
2019_1133_1279,0.2155748447059818
2019_1133_1280,0.10490259604226576
2019_1133_1285,0.45572998131485803
2019_1133_1293,0.30487594416577735
2019_1133_1295,0.8010498156531465
2019_1133_1297,0.1640229971188923
2019_1133_1300,0.7345624269327886
2019_1133_1305,0.26771268608516036
2019_1133_1308,0.34263378296184577
2019_1133_1314,0.07765402705209631
2019_1133_1318,0.35254355818973293
2019_1133_1326,0.36444495694972767
2019_1133_1328,0.36223114169542125
2019_1133_1330,0.2783133835334496
2019_1133_1332,0.1732259691146497
2019_1133_1341,0.6537642863310578
2019_1133_1345,0.06420439544371923
2019_1133_1371,0.295543550044692
2019_1133_1385,0.3193681053698768
2019_1133_1387,0.31460340769713696
2019_1133_1388,0.19289564412589294
2019_1133_1393,0.20600917071402897
2019_1133_1396,0.49453602740578106
2019_1133_1397,0.09684960589504467
2019_1133_1403,0.10117987633995912
2019_1133_1414,0.23201300245495213
2019_1133_1416,0.4255962297698177
2019_1133_1429,0.29471715265195686
2019_1133_1433,0.25374240919046687
2019_1133_1436,0.2862575650229522
2019_1133_1437,0.18107752304522454
2019_1133_1438,0.04028636955642845
2019_1133_1439,0.08393327940172958
2019_1133_1449,0.19463072897143865
2019_1133_1458,0.12685367929650831
2019_1133_1459,0.16105275038185093
2019_1133_1463,0.4890640404471697
2019_1138_1153,0.600908177814721
2019_1138_1159,0.8380522247578277
2019_1138_1181,0.2472858697531131
2019_1138_1192,0.9258228390967227
2019_1138_1196,0.6463355932622014
2019_1138_1199,0.529767324112577
2019_1138_1205,0.9040373508943222
2019_1138_1209,0.8084790851190757
2019_1138_1211,0.2998569477233045
2019_1138_1222,0.47412117537565013
2019_1138_1233,0.9507923162097592
2019_1138_1234,0.7629906516053904
2019_1138_1235,0.5431649407812521
2019_1138_1242,0.5977184645468654
2019_1138_1243,0.6076674163394902
2019_1138_1246,0.38924659886271795
2019_1138_1251,0.7682518109159757
2019_1138_1257,0.7190493809101677
2019_1138_1261,0.4290373851510243
2019_1138_1266,0.6895279144914452
2019_1138_1268,0.6267142741122749
2019_1138_1276,0.3371094075727488
2019_1138_1277,0.3994962721570329
2019_1138_1278,0.8031767169518516
2019_1138_1279,0.6645121930157332
2019_1138_1280,0.4614052951383326
2019_1138_1285,0.8590340973536457
2019_1138_1293,0.747516413018468
2019_1138_1295,0.9655769759700561
2019_1138_1297,0.5867284909264612
2019_1138_1300,0.9437091316469983
2019_1138_1305,0.7263722025311654
2019_1138_1308,0.7857643635591979
2019_1138_1314,0.38229062355318105
2019_1138_1318,0.7980697605878344
2019_1138_1326,0.8061454951671139
2019_1138_1328,0.8050117842142075
2019_1138_1330,0.7358059040665819
2019_1138_1332,0.5993905908593145
2019_1138_1341,0.9108495497848772
2019_1138_1345,0.34070394176474983
2019_1138_1371,0.7534904766313062
2019_1138_1385,0.7735672017880261
2019_1138_1387,0.7683060772053873
2019_1138_1388,0.6355151050867635
2019_1138_1393,0.6519828906618861
2019_1138_1396,0.8705453814176238
2019_1138_1397,0.4279992933226251
2019_1138_1403,0.44747414331701896
2019_1138_1414,0.6841955784605145
2019_1138_1416,0.8422499314924419
2019_1138_1429,0.7528049897226172
2019_1138_1433,0.7124165722253503
2019_1138_1436,0.7409214529022567
2019_1138_1437,0.6181914749895553
2019_1138_1438,0.2434736271659973
2019_1138_1439,0.40617851106423764
2019_1138_1449,0.6204726542021757
2019_1138_1458,0.5144013830585028
2019_1138_1459,0.5849547709910603
2019_1138_1463,0.8752689968139873
2019_1153_1159,0.7832697762356278
2019_1153_1181,0.17510143712908463
2019_1153_1192,0.8949417327670364
2019_1153_1196,0.5480544481854026
2019_1153_1199,0.4259698400174582
2019_1153_1205,0.8633145926981564
2019_1153_1209,0.7330307023213065
2019_1153_1211,0.21716449677297067
2019_1153_1222,0.3737903105801101
2019_1153_1233,0.9312870091787553
2019_1153_1234,0.680508891868781
2019_1153_1235,0.4398287380088045
2019_1153_1242,0.4950062337973209
2019_1153_1243,0.5060841755358872
2019_1153_1246,0.2948915153312334
2019_1153_1251,0.6912844303441203
2019_1153_1257,0.6310291723303983
2019_1153_1261,0.3300572661946346
2019_1153_1266,0.5945549138417539
2019_1153_1268,0.5263301204893096
2019_1153_1276,0.24922870731288566
2019_1153_1277,0.3035500797235462
2019_1153_1278,0.7294340526812406
2019_1153_1279,0.566263466903398
2019_1153_1280,0.3600918604562756
2019_1153_1285,0.8035803622400646
2019_1153_1293,0.6738115471106422
2019_1153_1295,0.950830809154052
2019_1153_1297,0.48347845278241486
2019_1153_1300,0.9237201693351325
2019_1153_1305,0.6368986890272834
2019_1153_1308,0.7153093254728418
2019_1153_1314,0.28822726375128593
2019_1153_1318,0.7261664536357086
2019_1153_1326,0.7363782334481503
2019_1153_1328,0.7345032540425871
2019_1153_1330,0.6469805657507869
2019_1153_1332,0.49622466620513456
2019_1153_1341,0.8835539915779321
2019_1153_1345,0.25168375563525625
2019_1153_1371,0.6706086584498065
2019_1153_1385,0.6952499841664498
2019_1153_1387,0.6908056250793944
2019_1153_1388,0.5389031321897098
2019_1153_1393,0.5526865108250545
2019_1153_1396,0.8232296159779227
2019_1153_1397,0.3304324251924541
2019_1153_1403,0.3473506367571679
2019_1153_1414,0.5951155708861708
2019_1153_1416,0.7829901718702175
2019_1153_1429,0.6693462797119176
2019_1153_1433,0.6228421632894959
2019_1153_1436,0.6604783052876174
2019_1153_1437,0.5181403126772239
2019_1153_1438,0.17176268497953961
2019_1153_1439,0.3092212583863962
2019_1153_1449,0.5182008610088515
2019_1153_1458,0.41085458665133806
2019_1153_1459,0.48300410757280665
2019_1153_1463,0.8242332469239405
2019_1159_1181,0.05643304609859397
2019_1159_1192,0.6886844916374502
2019_1159_1196,0.24842542569271656
2019_1159_1199,0.1680634570255955
2019_1159_1205,0.6238838998213005
2019_1159_1209,0.4245446214331769
2019_1159_1211,0.07313707086926548
2019_1159_1222,0.14842661599557153
2019_1159_1233,0.774639687500602
2019_1159_1234,0.36272390479852096
2019_1159_1235,0.17798808130904215
2019_1159_1242,0.2093714144660378
2019_1159_1243,0.21824942099215094
2019_1159_1246,0.10174851161261633
2019_1159_1251,0.379457996630044
2019_1159_1257,0.31763114232078205
2019_1159_1261,0.12136718836872429
2019_1159_1266,0.28222939717455825
2019_1159_1268,0.23192962543457313
2019_1159_1276,0.08386149157843194
2019_1159_1277,0.10666604805526234
2019_1159_1278,0.4179259668813333
2019_1159_1279,0.25901605223013113
2019_1159_1280,0.13343772741861262
2019_1159_1285,0.5204624225739336
2019_1159_1293,0.37638783343732907
2019_1159_1295,0.8300237916722979
2019_1159_1297,0.20166870432489714
2019_1159_1300,0.7557590703615963
2019_1159_1305,0.3194970388921844
2019_1159_1308,0.41033098475403557
2019_1159_1314,0.10025954927527486
2019_1159_1318,0.41618992336189997
2019_1159_1326,0.4286480114329903
2019_1159_1328,0.4258746073658911
2019_1159_1330,0.3283462897504089
2019_1159_1332,0.20850968845495194
2019_1159_1341,0.676044245107627
2019_1159_1345,0.08653914461513132
2019_1159_1371,0.35397563467758103
2019_1159_1385,0.38025515659456743
2019_1159_1387,0.37810107164188733
2019_1159_1388,0.24721265099517592
2019_1159_1393,0.2489626255485441
2019_1159_1396,0.55583190144453
2019_1159_1397,0.11604483026776544
2019_1159_1403,0.12573077685910497
2019_1159_1414,0.294440216410163
2019_1159_1416,0.4908821602961961
2019_1159_1429,0.3521945282282177
2019_1159_1433,0.3095376862495588
2019_1159_1436,0.3517167992012261
2019_1159_1437,0.22834250808841633
2019_1159_1438,0.055697791628253515
2019_1159_1439,0.11141324673851935
2019_1159_1449,0.22231088765736878
2019_1159_1458,0.15978330774190566
2019_1159_1459,0.2051634680441632
2019_1159_1463,0.5534453167729086
2019_1181_1192,0.9757684995813771
2019_1181_1196,0.8516227885016865
2019_1181_1199,0.7786984179816601
2019_1181_1205,0.967682943378491
2019_1181_1209,0.92811565410945
2019_1181_1211,0.565038159553847
2019_1181_1222,0.7319245072796157
2019_1181_1233,0.9845575501151453
2019_1181_1234,0.9099573811649292
2019_1181_1235,0.7876500119648353
2019_1181_1242,0.8230229837244132
2019_1181_1243,0.8291685017830306
2019_1181_1246,0.6648929244276414
2019_1181_1251,0.913293221996389
2019_1181_1257,0.8898781311915119
2019_1181_1261,0.6984717764903245
2019_1181_1266,0.8743257346468986
2019_1181_1268,0.8404002973576141
2019_1181_1276,0.6112593901020763
2019_1181_1277,0.673868044601109
2019_1181_1278,0.9274820690956529
2019_1181_1279,0.8609342089030629
2019_1181_1280,0.7273090883669844
2019_1181_1285,0.9509292240935012
2019_1181_1293,0.903382864657259
2019_1181_1295,0.9891809522213568
2019_1181_1297,0.8162098353623038
2019_1181_1300,0.9825521982863572
2019_1181_1305,0.8927250107673705
2019_1181_1308,0.9213068273179682
2019_1181_1314,0.6573291781290446
2019_1181_1318,0.9261646383923614
2019_1181_1326,0.9296289616641591
2019_1181_1328,0.92905634926979
2019_1181_1330,0.8967256417092853
2019_1181_1332,0.8234966792173967
2019_1181_1341,0.9716596123297656
2019_1181_1345,0.6125615064557003
2019_1181_1371,0.9060796669774844
2019_1181_1385,0.915287811493041
2019_1181_1387,0.9132578298122564
2019_1181_1388,0.845091012482799
2019_1181_1393,0.8542488490347653
2019_1181_1396,0.9561168118371215
2019_1181_1397,0.6995604926263265
2019_1181_1403,0.7162939362170815
2019_1181_1414,0.8718343022950229
2019_1181_1416,0.9445849478414295
2019_1181_1429,0.9056466444658435
2019_1181_1433,0.8865294385987128
2019_1181_1436,0.9006469611857724
2019_1181_1437,0.8353944984771287
2019_1181_1438,0.4931677214300746
2019_1181_1439,0.6781231570851423
2019_1181_1449,0.8329596161486006
2019_1181_1458,0.7677765925159519
2019_1181_1459,0.8150221302327723
2019_1181_1463,0.9569640897414279
2019_1192_1196,0.12388852907269055
2019_1192_1199,0.07939641851008296
2019_1192_1205,0.42331745361442813
2019_1192_1209,0.24577168603514
2019_1192_1211,0.03157960839199957
2019_1192_1222,0.06716506593194442
2019_1192_1233,0.6193232321598712
2019_1192_1234,0.19815689806505954
2019_1192_1235,0.08403995111079245
2019_1192_1242,0.10215560993651715
2019_1192_1243,0.10658085147189751
2019_1192_1246,0.04627528020445065
2019_1192_1251,0.2095133352938028
2019_1192_1257,0.16681160448897064
2019_1192_1261,0.05464518566632963
2019_1192_1266,0.14539513679582453
2019_1192_1268,0.11448761047781865
2019_1192_1276,0.037204053003752506
2019_1192_1277,0.04823249215655097
2019_1192_1278,0.23831934047438363
2019_1192_1279,0.13156895793922557
2019_1192_1280,0.061426822081592225
2019_1192_1285,0.322853159070936
2019_1192_1293,0.20977528457029582
2019_1192_1295,0.6936918143475888
2019_1192_1297,0.09797744814923084
2019_1192_1300,0.6067534834606336
2019_1192_1305,0.16909457518122684
2019_1192_1308,0.23350069722975028
2019_1192_1314,0.04501008049028901
2019_1192_1318,0.2366784770183635
2019_1192_1326,0.24630230858152447
2019_1192_1328,0.24408329498353704
2019_1192_1330,0.17563623179857307
2019_1192_1332,0.10262513593913594
2019_1192_1341,0.5243673879791808
2019_1192_1345,0.0379359756664365
2019_1192_1371,0.19156958942535712
2019_1192_1385,0.21003975716340728
2019_1192_1387,0.2084691212240572
2019_1192_1388,0.1222156992610934
2019_1192_1393,0.12537362439768718
2019_1192_1396,0.3613020769589519
2019_1192_1397,0.05420992742384463
2019_1192_1403,0.05814926130011099
2019_1192_1414,0.15131064696381233
2019_1192_1416,0.2975857264236005
2019_1192_1429,0.1904624920241862
2019_1192_1433,0.16164888908281896
2019_1192_1436,0.18993421576684744
2019_1192_1437,0.11183906085116266
2019_1192_1438,0.02375613662016738
2019_1192_1439,0.04984400158877901
2019_1192_1449,0.11339310974059638
2019_1192_1458,0.07499463150360958
2019_1192_1459,0.09867178530455184
2019_1192_1463,0.35265578692365546
2019_1196_1199,0.37955247569144746
2019_1196_1205,0.8390489122501212
2019_1196_1209,0.6927530769535006
2019_1196_1211,0.18537807248385987
2019_1196_1222,0.32947162961631554
2019_1196_1233,0.9191269552710954
2019_1196_1234,0.6369667546384773
2019_1196_1235,0.39283138060663214
2019_1196_1242,0.44696528264415136
2019_1196_1243,0.4579091367972742
2019_1196_1246,0.2566388763198403
2019_1196_1251,0.64957362732786
2019_1196_1257,0.5854012218911628
2019_1196_1261,0.2883966841412292
2019_1196_1266,0.5472144880917336
2019_1196_1268,0.47810646289313763
2019_1196_1276,0.21468575533470793
2019_1196_1277,0.2642741155940616
2019_1196_1278,0.6893480326055488
2019_1196_1279,0.5183538031112422
2019_1196_1280,0.3168294293765381
2019_1196_1285,0.7716554400801426
2019_1196_1293,0.6335013899397746
2019_1196_1295,0.9415552264728937
2019_1196_1297,0.4356194847912775
2019_1196_1300,0.9113024414348514
2019_1196_1305,0.5910325118081798
2019_1196_1308,0.6762727205298218
2019_1196_1314,0.2501258854434733
2019_1196_1318,0.6866126688729799
2019_1196_1326,0.6977401075904126
2019_1196_1328,0.6955661924100909
2019_1196_1330,0.6014691634283622
2019_1196_1332,0.4483704683125885
2019_1196_1341,0.8669562633434812
2019_1196_1345,0.2164915106317907
2019_1196_1371,0.6267815052837807
2019_1196_1385,0.6531137062367851
2019_1196_1387,0.648898784274246
2019_1196_1388,0.4912436863015527
2019_1196_1393,0.5046071587646173
2019_1196_1396,0.7953533961333822
2019_1196_1397,0.29012478712975875
2019_1196_1403,0.30521647240802485
2019_1196_1414,0.5492122561157967
2019_1196_1416,0.7491560009268802
2019_1196_1429,0.6253465952234298
2019_1196_1433,0.5767592834221295
2019_1196_1436,0.6174098332830396
2019_1196_1437,0.46999673847255796
2019_1196_1438,0.1452918678950788
2019_1196_1439,0.2690972400874052
2019_1196_1449,0.4711524946079774
2019_1196_1458,0.3650176878020358
2019_1196_1459,0.4350899332083551
2019_1196_1463,0.7945636045847295
2019_1199_1205,0.8948971698042512
2019_1199_1209,0.783902253890027
2019_1199_1211,0.270394765541753
2019_1199_1222,0.4433309366302912
2019_1199_1233,0.9493327262154032
2019_1199_1234,0.7409461915632312
2019_1199_1235,0.5139661236751629
2019_1199_1242,0.5689867888708975
2019_1199_1243,0.5799602770053629
2019_1199_1246,0.3609331547108926
2019_1199_1251,0.7520294207102316
2019_1199_1257,0.6977817865557645
2019_1199_1261,0.3981319926183856
2019_1199_1266,0.6633989121229231
2019_1199_1268,0.5995576741393536
2019_1199_1276,0.3089412768250944
2019_1199_1277,0.3700744437724012
2019_1199_1278,0.7831921609532888
2019_1199_1279,0.6368635842745247
2019_1199_1280,0.4312754427823625
2019_1199_1285,0.8467329711766106
2019_1199_1293,0.7371635180577945
2019_1199_1295,0.9636080386934576
2019_1199_1297,0.5576356010537192
2019_1199_1300,0.9444048137620438
2019_1199_1305,0.7020230204474598
2019_1199_1308,0.7735445708532684
2019_1199_1314,0.35294234123070056
2019_1199_1318,0.7818168423092862
2019_1199_1326,0.7906140131504176
2019_1199_1328,0.7888425131581367
2019_1199_1330,0.7104194557944297
2019_1199_1332,0.5697642248724092
2019_1199_1341,0.9144573859980457
2019_1199_1345,0.310686122566486
2019_1199_1371,0.7329174066001641
2019_1199_1385,0.7547489547916442
2019_1199_1387,0.7514746356212911
2019_1199_1388,0.611765471404873
2019_1199_1393,0.6242288079869914
2019_1199_1396,0.8644050168762474
2019_1199_1397,0.40008078297603755
2019_1199_1403,0.41799182397858203
2019_1199_1414,0.6650744798578518
2019_1199_1416,0.8301818196988906
2019_1199_1429,0.7316170885715264
2019_1199_1433,0.6902019634972452
2019_1199_1436,0.7250011240236702
2019_1199_1437,0.5917580698477726
2019_1199_1438,0.2168123009112778
2019_1199_1439,0.3753941937955133
2019_1199_1449,0.588881515435216
2019_1199_1458,0.4844774372848775
2019_1199_1459,0.5572698892371608
2019_1199_1463,0.8632794385971652
2019_1205_1209,0.30947641592724107
2019_1205_1211,0.04182487357354266
2019_1205_1222,0.08699945591423751
2019_1205_1233,0.690096798789648
2019_1205_1234,0.2524423371991399
2019_1205_1235,0.11040372379282176
2019_1205_1242,0.13446535710693475
2019_1205_1243,0.13946014915787538
2019_1205_1246,0.06228147674717804
2019_1205_1251,0.26321911719924956
2019_1205_1257,0.21322041797108154
2019_1205_1261,0.07215137583784903
2019_1205_1266,0.18880792136513402
2019_1205_1268,0.14950332000605032
2019_1205_1276,0.04983370135643403
2019_1205_1277,0.0644999839489254
2019_1205_1278,0.2996399556955682
2019_1205_1279,0.1720011820121816
2019_1205_1280,0.08173071553478285
2019_1205_1285,0.39333217134433357
2019_1205_1293,0.25896305717310886
2019_1205_1295,0.7567450871567538
2019_1205_1297,0.12926191007909416
2019_1205_1300,0.6771625449078057
2019_1205_1305,0.21772143185542203
2019_1205_1308,0.28964133307684525
2019_1205_1314,0.060147809198987476
2019_1205_1318,0.29602848292760464
2019_1205_1326,0.30706523435763367
2019_1205_1328,0.30477440833825853
2019_1205_1330,0.2262876906022898
2019_1205_1332,0.13588273702892284
2019_1205_1341,0.592517436122873
2019_1205_1345,0.050325659635565186
2019_1205_1371,0.24368052944489885
2019_1205_1385,0.26534626595187716
2019_1205_1387,0.2623183167697438
2019_1205_1388,0.15713025431736732
2019_1205_1393,0.1640963449093783
2019_1205_1396,0.4322831697753644
2019_1205_1397,0.07346681910591088
2019_1205_1403,0.07796194022772376
2019_1205_1414,0.1919016811255207
2019_1205_1416,0.3647447704547596
2019_1205_1429,0.2426305559489734
2019_1205_1433,0.20725195812039982
2019_1205_1436,0.2387956278129344
2019_1205_1437,0.14542592349688377
2019_1205_1438,0.03155819004005102
2019_1205_1439,0.06596480263470883
2019_1205_1449,0.1512812645902231
2019_1205_1458,0.09937874125551874
2019_1205_1459,0.12877348181847081
2019_1205_1463,0.4259729707457673
2019_1209_1211,0.09094503807469835
2019_1209_1222,0.17507476927085722
2019_1209_1233,0.83691164410526
2019_1209_1234,0.43618335854593066
2019_1209_1235,0.22350297560606328
2019_1209_1242,0.2667974806520409
2019_1209_1243,0.27360367026693855
2019_1209_1246,0.1370647043779769
2019_1209_1251,0.4481291428109009
2019_1209_1257,0.383076813447394
2019_1209_1261,0.15217028898715868
2019_1209_1266,0.35071215004118605
2019_1209_1268,0.2899362431078808
2019_1209_1276,0.11009386741979825
2019_1209_1277,0.1400913609673805
2019_1209_1278,0.492688408297978
2019_1209_1279,0.32646379488042554
2019_1209_1280,0.17314667492563496
2019_1209_1285,0.5939690855447965
2019_1209_1293,0.4349672155883707
2019_1209_1295,0.8757743211724769
2019_1209_1297,0.2584468570181173
2019_1209_1300,0.8309117745638659
2019_1209_1305,0.39097632284709344
2019_1209_1308,0.4790523051196327
2019_1209_1314,0.13101913266949106
2019_1209_1318,0.4889968828226647
2019_1209_1326,0.5018586878472554
2019_1209_1328,0.49924682639997353
2019_1209_1330,0.4025736810675842
2019_1209_1332,0.2707620402787059
2019_1209_1341,0.7676654461923543
2019_1209_1345,0.10905367812971994
2019_1209_1371,0.4246518652642303
2019_1209_1385,0.4520189361234889
2019_1209_1387,0.4473331419417882
2019_1209_1388,0.2972894354168314
2019_1209_1393,0.31432095688681444
2019_1209_1396,0.6329982293428402
2019_1209_1397,0.16139807434988096
2019_1209_1403,0.1677505790454753
2019_1209_1414,0.3478719519035989
2019_1209_1416,0.565331418329333
2019_1209_1429,0.4234608916386839
2019_1209_1433,0.3751549380686452
2019_1209_1436,0.41457092991214484
2019_1209_1437,0.28173148746977317
2019_1209_1438,0.06963253668766128
2019_1209_1439,0.14044010696485842
2019_1209_1449,0.29717636141470355
2019_1209_1458,0.20575227102393034
2019_1209_1459,0.2542400972204414
2019_1209_1463,0.6246784149663167
2019_1211_1222,0.6770631896317414
2019_1211_1233,0.9796845811466581
2019_1211_1234,0.885790920445497
2019_1211_1235,0.7396768175356614
2019_1211_1242,0.7810605519359302
2019_1211_1243,0.7880699341779378
2019_1211_1246,0.6036773642546005
2019_1211_1251,0.8893155814361299
2019_1211_1257,0.8606893244271808
2019_1211_1261,0.639915350944841
2019_1211_1266,0.8422921033853175
2019_1211_1268,0.801367632845927
2019_1211_1276,0.5469376074445087
2019_1211_1277,0.6132287725077064
2019_1211_1278,0.9076152992029138
2019_1211_1279,0.8262883029712518
2019_1211_1280,0.6716699345618133
2019_1211_1285,0.9367676051107308
2019_1211_1293,0.8766044570457587
2019_1211_1295,0.9858077864841369
2019_1211_1297,0.7731251771901977
2019_1211_1300,0.9769116634914143
2019_1211_1305,0.8646533888903489
2019_1211_1308,0.8990586590599654
2019_1211_1314,0.5954842684974078
2019_1211_1318,0.9055330010603682
2019_1211_1326,0.9098525050266513
2019_1211_1328,0.9091885358039447
2019_1211_1330,0.8698011861743766
2019_1211_1332,0.7820099983329764
2019_1211_1341,0.9625075916107547
2019_1211_1345,0.5485413158943753
2019_1211_1371,0.8807435310456887
2019_1211_1385,0.8920813437224813
2019_1211_1387,0.8893274513840992
2019_1211_1388,0.8065083330685242
2019_1211_1393,0.8182062118037973
2019_1211_1396,0.9429673238774128
2019_1211_1397,0.6417588790702886
2019_1211_1403,0.6596693492787284
2019_1211_1414,0.8383908446484133
2019_1211_1416,0.9286031043854448
2019_1211_1429,0.880279731008877
2019_1211_1433,0.8566716400229749
2019_1211_1436,0.8735208222820307
2019_1211_1437,0.7952391925902764
2019_1211_1438,0.42855512813424135
2019_1211_1439,0.6178571085821389
2019_1211_1449,0.7944319468727192
2019_1211_1458,0.7171380395977799
2019_1211_1459,0.7713089622112527
2019_1211_1463,0.9445203173164523
2019_1222_1233,0.955497140125309
2019_1222_1234,0.7820763527250614
2019_1222_1235,0.5696800988784811
2019_1222_1242,0.6235395445910352
2019_1222_1243,0.6330766472159755
2019_1222_1246,0.4155218901652703
2019_1222_1251,0.7865920154750563
2019_1222_1257,0.740159711290622
2019_1222_1261,0.4554738538245657
2019_1222_1266,0.712327871909218
2019_1222_1268,0.651615817360613
2019_1222_1276,0.36184642977829234
2019_1222_1277,0.425852190585591
2019_1222_1278,0.8198193873103519
2019_1222_1279,0.6883760282616649
2019_1222_1280,0.48845343842451494
2019_1222_1285,0.8715656425068565
2019_1222_1293,0.7660363839154076
2019_1222_1295,0.9689524476673345
2019_1222_1297,0.612828003909587
2019_1222_1300,0.9489507373721913
2019_1222_1305,0.7474499383434465
2019_1222_1308,0.8028157137178162
2019_1222_1314,0.4082548269612317
2019_1222_1318,0.8147962596946592
2019_1222_1326,0.8223435903314738
2019_1222_1328,0.8213216275549763
2019_1222_1330,0.7564939165010567
2019_1222_1332,0.6253370603876147
2019_1222_1341,0.9186144036883983
2019_1222_1345,0.3653068395004183
2019_1222_1371,0.772962877979233
2019_1222_1385,0.7918579958755306
2019_1222_1387,0.7867018662860022
2019_1222_1388,0.6595060713744004
2019_1222_1393,0.676274384032173
2019_1222_1396,0.8819071196047199
2019_1222_1397,0.45503887176992863
2019_1222_1403,0.47460029449600083
2019_1222_1414,0.7061726623154778
2019_1222_1416,0.8559314791596093
2019_1222_1429,0.7723611398045167
2019_1222_1433,0.733904044241179
2019_1222_1436,0.7604786289499395
2019_1222_1437,0.6431168329363667
2019_1222_1438,0.2639897307432546
2019_1222_1439,0.43233893527796496
2019_1222_1449,0.6459224502542813
2019_1222_1458,0.5414142996970495
2019_1222_1459,0.6106722333079821
2019_1222_1463,0.8865942427227459
2019_1233_1234,0.13138131133488146
2019_1233_1235,0.0542890582440895
2019_1233_1242,0.06545439300693963
2019_1233_1243,0.06896596612141061
2019_1233_1246,0.028947378287726658
2019_1233_1251,0.14290982922897036
2019_1233_1257,0.11109604924014309
2019_1233_1261,0.0352019460533961
2019_1233_1266,0.09432814727049371
2019_1233_1268,0.07420253368775608
2019_1233_1276,0.023501177291129778
2019_1233_1277,0.030478513339365174
2019_1233_1278,0.16019337913985549
2019_1233_1279,0.08459870422046684
2019_1233_1280,0.03902674955187414
2019_1233_1285,0.2272245934881419
2019_1233_1293,0.14816843607161734
2019_1233_1295,0.577223615237801
2019_1233_1297,0.06258562037068516
2019_1233_1300,0.4933987565673302
2019_1233_1305,0.11073170753033833
2019_1233_1308,0.16263849091640847
2019_1233_1314,0.028494510475653455
2019_1233_1318,0.16154581703517654
2019_1233_1326,0.1688171092497069
2019_1233_1328,0.16678099451788017
2019_1233_1330,0.11447586810612218
2019_1233_1332,0.06499846432502641
2019_1233_1341,0.424827837909417
2019_1233_1345,0.02432289590363316
2019_1233_1371,0.12785446933051053
2019_1233_1385,0.14143018460807763
2019_1233_1387,0.14175148780212854
2019_1233_1388,0.08135299783984642
2019_1233_1393,0.0806053360931139
2019_1233_1396,0.2636139580262695
2019_1233_1397,0.03343416255446574
2019_1233_1403,0.0364993015228323
2019_1233_1414,0.10266646711359287
2019_1233_1416,0.20859618632803437
2019_1233_1429,0.12673287524181426
2019_1233_1433,0.1071471707599701
2019_1233_1436,0.13002274432609656
2019_1233_1437,0.07311009032014705
2019_1233_1438,0.015229455762985636
2019_1233_1439,0.032016935541210864
2019_1233_1449,0.07031357218475454
2019_1233_1458,0.04782437264041496
2019_1233_1459,0.06427337724064552
2019_1233_1463,0.2503426955372029
2019_1234_1235,0.26932578678417407
2019_1234_1242,0.3160849141190797
2019_1234_1243,0.32514939858703146
2019_1234_1246,0.16550710904756222
2019_1234_1251,0.5140986966569567
2019_1234_1257,0.4457900817536776
2019_1234_1261,0.18724163630060325
2019_1234_1266,0.40849179408778913
2019_1234_1268,0.34322220223895816
2019_1234_1276,0.13507430009507349
2019_1234_1277,0.17042329108038756
2019_1234_1278,0.558150569626382
2019_1234_1279,0.3812829725455863
2019_1234_1280,0.20950347196136593
2019_1234_1285,0.6578975760853187
2019_1234_1293,0.5011105245781051
2019_1234_1295,0.9025926332042398
2019_1234_1297,0.3063818235025727
2019_1234_1300,0.8594612762804187
2019_1234_1305,0.4520125841396729
2019_1234_1308,0.545323125713288
2019_1234_1314,0.16005135630276193
2019_1234_1318,0.5551693294901927
2019_1234_1326,0.5680596723046492
2019_1234_1328,0.565414409753265
2019_1234_1330,0.4633127267412913
2019_1234_1332,0.3184101285101185
2019_1234_1341,0.7998400739168381
2019_1234_1345,0.1356395968495509
2019_1234_1371,0.4888761073297308
2019_1234_1385,0.517402669128364
2019_1234_1387,0.5131724621937308
2019_1234_1388,0.3548708188610213
2019_1234_1393,0.3682637093611104
2019_1234_1396,0.6916987237948591
2019_1234_1397,0.19151840148197175
2019_1234_1403,0.20145995597089683
2019_1234_1414,0.41063815217538635
2019_1234_1416,0.6301307749021019
2019_1234_1429,0.48737668254728883
2019_1234_1433,0.4370337719466947
2019_1234_1436,0.4801592174508541
2019_1234_1437,0.33557408958533275
2019_1234_1438,0.08783104455838636
2019_1234_1439,0.17309737560124963
2019_1234_1449,0.342646166680819
2019_1234_1458,0.2472661087289863
2019_1234_1459,0.30485801397383194
2019_1234_1463,0.687228866287651
2019_1235_1242,0.5553952984639224
2019_1235_1243,0.5663156640326185
2019_1235_1246,0.3477663628323493
2019_1235_1251,0.7407373308187455
2019_1235_1257,0.6856170879346261
2019_1235_1261,0.3851429602611025
2019_1235_1266,0.6513224693454758
2019_1235_1268,0.5861291673635317
2019_1235_1276,0.29711189527182036
2019_1235_1277,0.3570292328330786
2019_1235_1278,0.7743511442139077
2019_1235_1279,0.624425076889668
2019_1235_1280,0.4175720405281961
2019_1235_1285,0.8392528661932515
2019_1235_1293,0.7240922616217841
2019_1235_1295,0.9612334142024545
2019_1235_1297,0.5439704874109915
2019_1235_1300,0.939802042976603
2019_1235_1305,0.6907961420698554
2019_1235_1308,0.762240606696668
2019_1235_1314,0.34024948899435487
2019_1235_1318,0.7718831609871579
2019_1235_1326,0.7809254097969321
2019_1235_1328,0.779233659775731
2019_1235_1330,0.6998164003075271
2019_1235_1332,0.5564242238705723
2019_1235_1341,0.9069907796835203
2019_1235_1345,0.2993717329912664
2019_1235_1371,0.7219070383554298
2019_1235_1385,0.7442215326281407
2019_1235_1387,0.740305374301315
2019_1235_1388,0.5979511361808127
2019_1235_1393,0.6114880510528543
2019_1235_1396,0.856319679616899
2019_1235_1397,0.38616913186876645
2019_1235_1403,0.4042132534981314
2019_1235_1414,0.6515422373652027
2019_1235_1416,0.8216766752419431
2019_1235_1429,0.7207134559962161
2019_1235_1433,0.678005093939693
2019_1235_1436,0.7125987902950705
2019_1235_1437,0.5780590347648014
2019_1235_1438,0.2082697944934984
2019_1235_1439,0.36272054921739727
2019_1235_1449,0.5766783339761039
2019_1235_1458,0.4705203876831084
2019_1235_1459,0.5433579846414975
2019_1235_1463,0.8567281015892496
2019_1242_1243,0.5110676557724485
2019_1242_1246,0.3000207616575256
2019_1242_1251,0.6968005848201848
2019_1242_1257,0.6360573815860688
2019_1242_1261,0.3336210180896425
2019_1242_1266,0.5987611644921833
2019_1242_1268,0.5312739394002335
2019_1242_1276,0.25301620366159594
2019_1242_1277,0.3080628757825985
2019_1242_1278,0.7320038834074062
2019_1242_1279,0.5705957785403063
2019_1242_1280,0.3648759712894617
2019_1242_1285,0.8069215208671634
2019_1242_1293,0.6819704280375933
2019_1242_1295,0.9526094035052339
2019_1242_1297,0.4885256191946294
2019_1242_1300,0.9287783978755131
2019_1242_1305,0.6406888822306125
2019_1242_1308,0.7218759674098602
2019_1242_1314,0.2924092349570633
2019_1242_1318,0.7306028926059561
2019_1242_1326,0.7407935136389118
2019_1242_1328,0.7386860372385091
2019_1242_1330,0.6500801951013178
2019_1242_1332,0.5011988512812853
2019_1242_1341,0.8923607225095214
2019_1242_1345,0.25431572868618746
2019_1242_1371,0.6749243350251598
2019_1242_1385,0.6995595559154113
2019_1242_1387,0.6960828877247243
2019_1242_1388,0.5442596599519804
2019_1242_1393,0.5572250249392701
2019_1242_1396,0.8290523470272715
2019_1242_1397,0.3367720134420644
2019_1242_1403,0.3527198817189168
2019_1242_1414,0.6012752234012786
2019_1242_1416,0.7873345933703757
2019_1242_1429,0.6734509326556535
2019_1242_1433,0.6277179764460472
2019_1242_1436,0.6668163443733449
2019_1242_1437,0.5231901253943381
2019_1242_1438,0.17310823665621014
2019_1242_1439,0.31265465626057165
2019_1242_1449,0.5225606627793837
2019_1242_1458,0.4158490322044914
2019_1242_1459,0.48792517751712583
2019_1242_1463,0.8267832559332396
2019_1243_1246,0.2902253963329072
2019_1243_1251,0.6870017539091812
2019_1243_1257,0.6257057936523507
2019_1243_1261,0.32404073430659064
2019_1243_1266,0.5884552788338957
2019_1243_1268,0.520268901543832
2019_1243_1276,0.24450985181042817
2019_1243_1277,0.29840040624074327
2019_1243_1278,0.7240357377926661
2019_1243_1279,0.5600639257445699
2019_1243_1280,0.35445566187905586
2019_1243_1285,0.800048142557428
2019_1243_1293,0.6710136099584612
2019_1243_1295,0.9502868915247118
2019_1243_1297,0.47743681290074946
2019_1243_1300,0.924336176850341
2019_1243_1305,0.6309423639415781
2019_1243_1308,0.7120450885395135
2019_1243_1314,0.2831028897071276
2019_1243_1318,0.7217839009791917
2019_1243_1326,0.7321579951102268
2019_1243_1328,0.7301136077725923
2019_1243_1330,0.6407656436848628
2019_1243_1332,0.49019005558681605
2019_1243_1341,0.8853548797898776
2019_1243_1345,0.24627572874318648
2019_1243_1371,0.6653315558687505
2019_1243_1385,0.6903080625610256
2019_1243_1387,0.6863711954093568
2019_1243_1388,0.533153037924043
2019_1243_1393,0.5465254136353714
2019_1243_1396,0.8216360071790145
2019_1243_1397,0.32606983042231596
2019_1243_1403,0.3421925034887805
2019_1243_1414,0.5901993245791674
2019_1243_1416,0.7796153270629149
2019_1243_1429,0.6639330066583538
2019_1243_1433,0.6173477132768258
2019_1243_1436,0.6562978987456026
2019_1243_1437,0.5121159325337561
2019_1243_1438,0.16727965926870664
2019_1243_1439,0.3033852304797179
2019_1243_1449,0.5120836503120716
2019_1243_1458,0.40496875238099084
2019_1243_1459,0.4768688550869681
2019_1243_1463,0.8207002576332076
2019_1246_1251,0.8434517361266488
2019_1246_1257,0.8037105526479884
2019_1246_1261,0.5398958018844802
2019_1246_1266,0.7765256640095806
2019_1246_1268,0.7260928797552649
2019_1246_1276,0.44237998469837936
2019_1246_1277,0.5102124186200641
2019_1246_1278,0.8640813954069895
2019_1246_1279,0.7553670340383881
2019_1246_1280,0.5733771325473016
2019_1246_1285,0.9072591360765532
2019_1246_1293,0.8326279795836108
2019_1246_1295,0.9792440162201304
2019_1246_1297,0.690117190966054
2019_1246_1300,0.9683578504783377
2019_1246_1305,0.8059194915763896
2019_1246_1308,0.8587207013879468
2019_1246_1314,0.491764872567837
2019_1246_1318,0.8639877754176124
2019_1246_1326,0.870042587335232
2019_1246_1328,0.8687446784718591
2019_1246_1330,0.8115499172625291
2019_1246_1332,0.6996374559542855
2019_1246_1341,0.9505652066461785
2019_1246_1345,0.4442277741490912
2019_1246_1371,0.8292465438350498
2019_1246_1385,0.8449464171201357
2019_1246_1387,0.84299213062636
2019_1246_1388,0.7366511571921465
2019_1246_1393,0.7454312896646769
2019_1246_1396,0.9191601960853406
2019_1246_1397,0.5398230082004997
2019_1246_1403,0.5594892680737765
2019_1246_1414,0.7790305941037425
2019_1246_1416,0.8966644704515967
2019_1246_1429,0.8281712743991976
2019_1246_1433,0.7979107904224498
2019_1246_1436,0.8241473233440135
2019_1246_1437,0.7199809477071791
2019_1246_1438,0.3290186509866956
2019_1246_1439,0.5160120290629686
2019_1246_1449,0.712078520393171
2019_1246_1458,0.6246960258452425
2019_1246_1459,0.6906904247926953
2019_1246_1463,0.9177527731002526
2019_1251_1257,0.43229114717193584
2019_1251_1261,0.1806070401119747
2019_1251_1266,0.3942065272123253
2019_1251_1268,0.3305937196330312
2019_1251_1276,0.1287542775938654
2019_1251_1277,0.1623448224648142
2019_1251_1278,0.5447725878562228
2019_1251_1279,0.3668456855771024
2019_1251_1280,0.20014506789350728
2019_1251_1285,0.64474755791042
2019_1251_1293,0.48778353648964906
2019_1251_1295,0.8950968747111341
2019_1251_1297,0.2935083124676633
2019_1251_1300,0.8438806963723102
2019_1251_1305,0.43768785414094846
2019_1251_1308,0.530657539083216
2019_1251_1314,0.15270134354541176
2019_1251_1318,0.540998096552562
2019_1251_1326,0.5538748642517493
2019_1251_1328,0.5513363817307531
2019_1251_1330,0.4487909142345437
2019_1251_1332,0.3041813979523045
2019_1251_1341,0.7778622183820585
2019_1251_1345,0.13084147783975184
2019_1251_1371,0.4748318460839158
2019_1251_1385,0.5033217996590815
2019_1251_1387,0.4990804705549632
2019_1251_1388,0.3444161114363297
2019_1251_1393,0.3541192825737739
2019_1251_1396,0.6757581414335481
2019_1251_1397,0.1795623953541257
2019_1251_1403,0.19104352639890643
2019_1251_1414,0.39939233763599225
2019_1251_1416,0.6159390984653963
2019_1251_1429,0.47329487366083295
2019_1251_1433,0.4234889053595693
2019_1251_1436,0.46682115672001745
2019_1251_1437,0.32409725069883155
2019_1251_1438,0.08507007375884719
2019_1251_1439,0.16678027934937065
2019_1251_1449,0.3255032684386158
2019_1251_1458,0.23661551974429293
2019_1251_1459,0.29424044114962034
2019_1251_1463,0.6752448454822105
2019_1257_1261,0.2234334566239906
2019_1257_1266,0.4612311659436788
2019_1257_1268,0.39345954960569773
2019_1257_1276,0.1622440313590349
2019_1257_1277,0.2027668633681567
2019_1257_1278,0.6114195202225419
2019_1257_1279,0.4326206592355179
2019_1257_1280,0.24721379512253833
2019_1257_1285,0.7051370138102261
2019_1257_1293,0.5529811501199877
2019_1257_1295,0.9190568238444805
2019_1257_1297,0.3533502911672243
2019_1257_1300,0.8785488471904417
2019_1257_1305,0.5059063819856916
2019_1257_1308,0.5971915464998832
2019_1257_1314,0.1911159766273809
2019_1257_1318,0.6079669090379145
2019_1257_1326,0.6203282650094915
2019_1257_1328,0.617912470064492
2019_1257_1330,0.5170775422848107
2019_1257_1332,0.36539049545647695
2019_1257_1341,0.8225885368346444
2019_1257_1345,0.16406329431144417
2019_1257_1371,0.5431751887588157
2019_1257_1385,0.5713497058516224
2019_1257_1387,0.5669087572752194
2019_1257_1388,0.40688266017183883
2019_1257_1393,0.41909522911476343
2019_1257_1396,0.7333516487045925
2019_1257_1397,0.22426601777878374
2019_1257_1403,0.2371167114819578
2019_1257_1414,0.4644132614748768
2019_1257_1416,0.6787663849477503
2019_1257_1429,0.5416788686948164
2019_1257_1433,0.4910913873958695
2019_1257_1436,0.5340079904858033
2019_1257_1437,0.3859238453871394
2019_1257_1438,0.10786200260669151
2019_1257_1439,0.2071889413213227
2019_1257_1449,0.3884761193064023
2019_1257_1458,0.28927599561432443
2019_1257_1459,0.3531720405094789
2019_1257_1463,0.7325170623497586
2019_1261_1266,0.7492696333010833
2019_1261_1268,0.6935000588751069
2019_1261_1276,0.40339467615398417
2019_1261_1277,0.47032336030108923
2019_1261_1278,0.8460205886610702
2019_1261_1279,0.7267734794397919
2019_1261_1280,0.5340648868142667
2019_1261_1285,0.8927566762726313
2019_1261_1293,0.8035296988506795
2019_1261_1295,0.9751608927425264
2019_1261_1297,0.6560540355535451
2019_1261_1300,0.9604459842682166
2019_1261_1305,0.7813999606705779
2019_1261_1308,0.8349795809132263
2019_1261_1314,0.45197863631034185
2019_1261_1318,0.8435426450888506
2019_1261_1326,0.8502604866579084
2019_1261_1328,0.8491111111589084
2019_1261_1330,0.7887068610951298
2019_1261_1332,0.667301556848964
2019_1261_1341,0.9372328961431213
2019_1261_1345,0.4058308714848117
2019_1261_1371,0.8056257033789396
2019_1261_1385,0.8227752296631743
2019_1261_1387,0.8192285852196943
2019_1261_1388,0.7023607173662776
2019_1261_1393,0.7157262869888188
2019_1261_1396,0.9037828163443267
2019_1261_1397,0.5007286191530054
2019_1261_1403,0.5202608438014069
2019_1261_1414,0.746948898933993
2019_1261_1416,0.8799236426484693
2019_1261_1429,0.8048002629790294
2019_1261_1433,0.7705775929386611
2019_1261_1436,0.7967360796163916
2019_1261_1437,0.6859949304891009
2019_1261_1438,0.29636564081816535
2019_1261_1439,0.4762006424058184
2019_1261_1449,0.6841618004261472
2019_1261_1458,0.5868745148135788
2019_1261_1459,0.6548841531632802
2019_1261_1463,0.9052143656083806
2019_1266_1268,0.43130385184286757
2019_1266_1276,0.1848986229168602
2019_1266_1277,0.22976392441955207
2019_1266_1278,0.6463318552798388
2019_1266_1279,0.47135110968726773
2019_1266_1280,0.277863212419309
2019_1266_1285,0.7362393555102538
2019_1266_1293,0.591572336251621
2019_1266_1295,0.9308569715385234
2019_1266_1297,0.3903649065336454
2019_1266_1300,0.8984623282751538
2019_1266_1305,0.5442626079432721
2019_1266_1308,0.6350406326161069
2019_1266_1314,0.21675816317108987
2019_1266_1318,0.6444008271848356
2019_1266_1326,0.656317129689502
2019_1266_1328,0.6538283356100936
2019_1266_1330,0.5549024498276784
2019_1266_1332,0.40318580924629605
2019_1266_1341,0.8509472792821653
2019_1266_1345,0.18562550221750643
2019_1266_1371,0.5812168868108452
2019_1266_1385,0.6087764438860084
2019_1266_1387,0.6049133990003571
2019_1266_1388,0.44402505927168656
2019_1266_1393,0.4577033685345886
2019_1266_1396,0.765009854895241
2019_1266_1397,0.2552293258697891
2019_1266_1403,0.2678761634520374
2019_1266_1414,0.5025817005757307
2019_1266_1416,0.7121768369520887
2019_1266_1429,0.5796449968845918
2019_1266_1433,0.5298766976613081
2019_1266_1436,0.5727227858659214
2019_1266_1437,0.42314514201581455
2019_1266_1438,0.12267916158000633
2019_1266_1439,0.23317076999279163
2019_1266_1449,0.4270300875756858
2019_1266_1458,0.322854366603495
2019_1266_1459,0.38912035729429006
2019_1266_1463,0.76115319257051
2019_1268_1276,0.22984969578264824
2019_1268_1277,0.28173139815724024
2019_1268_1278,0.7074905911460458
2019_1268_1279,0.5400479333544912
2019_1268_1280,0.33614360194911613
2019_1268_1285,0.7867545100631355
2019_1268_1293,0.6536245274804526
2019_1268_1295,0.9463698336129438
2019_1268_1297,0.4572943745453231
2019_1268_1300,0.9188066121549713
2019_1268_1305,0.6118567588937591
2019_1268_1308,0.6954218499999425
2019_1268_1314,0.26694721014970746
2019_1268_1318,0.7052242032758251
2019_1268_1326,0.7159787340987039
2019_1268_1328,0.7138403146787602
2019_1268_1330,0.6219220124046969
2019_1268_1332,0.4700863862393355
2019_1268_1341,0.8777113868809554
2019_1268_1345,0.23148167061052294
2019_1268_1371,0.6470192594568793
2019_1268_1385,0.6726973718670464
2019_1268_1387,0.6687265533303297
2019_1268_1388,0.5130291049588842
2019_1268_1393,0.526403345114583
2019_1268_1396,0.809712186774556
2019_1268_1397,0.3088013312368986
2019_1268_1403,0.32428085482696933
2019_1268_1414,0.5707227772645703
2019_1268_1416,0.7654210655835119
2019_1268_1429,0.6455778042484344
2019_1268_1433,0.5980138437688085
2019_1268_1436,0.6380163681253991
2019_1268_1437,0.4918437863468721
2019_1268_1438,0.15621649596149095
2019_1268_1439,0.28648522354913
2019_1268_1449,0.4924482886906489
2019_1268_1458,0.38560487213060357
2019_1268_1459,0.4566819851342585
2019_1268_1463,0.8084187130358069
2019_1276_1277,0.567807122582616
2019_1276_1278,0.8899863401509325
2019_1276_1279,0.7966973372429723
2019_1276_1280,0.6291125154353384
2019_1276_1285,0.9251677681680788
2019_1276_1293,0.8599433795955012
2019_1276_1295,0.9833339315840255
2019_1276_1297,0.7381013157672409
2019_1276_1300,0.973891948946874
2019_1276_1305,0.8405581553362844
2019_1276_1308,0.8834852141141287
2019_1276_1314,0.5495780147075461
2019_1276_1318,0.8890688045867257
2019_1276_1326,0.8941143513830621
2019_1276_1328,0.8931454596289223
2019_1276_1330,0.8457361062397339
2019_1276_1332,0.7470244460303834
2019_1276_1341,0.9584792315494286
2019_1276_1345,0.5019894411953062
2019_1276_1371,0.8599976981634431
2019_1276_1385,0.8732176898594087
2019_1276_1387,0.8710077165625719
2019_1276_1388,0.77826872423406
2019_1276_1393,0.7878326601757712
2019_1276_1396,0.9339729024980921
2019_1276_1397,0.5964991359185907
2019_1276_1403,0.6158312782148236
2019_1276_1414,0.8149340370216418
2019_1276_1416,0.9161265154505998
2019_1276_1429,0.8592168853254007
2019_1276_1433,0.8329080923634746
2019_1276_1436,0.8541960128683294
2019_1276_1437,0.764247086275337
2019_1276_1438,0.3824105183166434
2019_1276_1439,0.5733949616022425
2019_1276_1449,0.7586925319221394
2019_1276_1458,0.6776509809983899
2019_1276_1459,0.7378572550357274
2019_1276_1463,0.9339611584817367
2019_1277_1278,0.8600845743884428
2019_1277_1279,0.7487678519979659
2019_1277_1280,0.5634984737039382
2019_1277_1285,0.9039330038715434
2019_1277_1293,0.8251532650195988
2019_1277_1295,0.9782799936552589
2019_1277_1297,0.6819549429475988
2019_1277_1300,0.9663361410600373
2019_1277_1305,0.8003260146407867
2019_1277_1308,0.8528656831364436
2019_1277_1314,0.4815129271506696
2019_1277_1318,0.8591996392327395
2019_1277_1326,0.8654095629788534
2019_1277_1328,0.8641759163340128
2019_1277_1330,0.8064714077828878
2019_1277_1332,0.6920503266605095
2019_1277_1341,0.9470376303967195
2019_1277_1345,0.43419169215816733
2019_1277_1371,0.8237447503726046
2019_1277_1385,0.8397793534174995
2019_1277_1387,0.8373022272563115
2019_1277_1388,0.7281170036456053
2019_1277_1393,0.7385120247223267
2019_1277_1396,0.9153935900859985
2019_1277_1397,0.530050691961663
2019_1277_1403,0.5496627608113699
2019_1277_1414,0.770988015527184
2019_1277_1416,0.8927323961025515
2019_1277_1429,0.8227647479699043
2019_1277_1433,0.7914191403932853
2019_1277_1436,0.8173766258908839
2019_1277_1437,0.7116794940130913
2019_1277_1438,0.3203122018875707
2019_1277_1439,0.5057678342432583
2019_1277_1449,0.7059381456237532
2019_1277_1458,0.6153503808620137
2019_1277_1459,0.681866576564774
2019_1277_1463,0.9149340350135627
2019_1278_1279,0.32829980724010394
2019_1278_1280,0.17342762404546996
2019_1278_1285,0.6029605312626014
2019_1278_1293,0.4433846018179627
2019_1278_1295,0.8798952571738555
2019_1278_1297,0.25927208340307173
2019_1278_1300,0.8300516807474279
2019_1278_1305,0.395171847053162
2019_1278_1308,0.48666693522955173
2019_1278_1314,0.13105934082067303
2019_1278_1318,0.4964369144259122
2019_1278_1326,0.5095089433274292
2019_1278_1328,0.5068490671840084
2019_1278_1330,0.40651929994945446
2019_1278_1332,0.27059377139417495
2019_1278_1341,0.7635464049830656
2019_1278_1345,0.11029398171315127
2019_1278_1371,0.43056046765732814
2019_1278_1385,0.4586513264552874
2019_1278_1387,0.45431067323587826
2019_1278_1388,0.30280541529816574
2019_1278_1393,0.31607200024593984
2019_1278_1396,0.6397154727751266
2019_1278_1397,0.1586050928458921
2019_1278_1403,0.16673728427839385
2019_1278_1414,0.35498724752983524
2019_1278_1416,0.5736363434714549
2019_1278_1429,0.4291761098674919
2019_1278_1433,0.3802443408398067
2019_1278_1436,0.42186854291557263
2019_1278_1437,0.28526747566090405
2019_1278_1438,0.07065126518379379
2019_1278_1439,0.14192850645142732
2019_1278_1449,0.294468590684936
2019_1278_1458,0.20639159427213144
2019_1278_1459,0.2573649489756832
2019_1278_1463,0.6343845795579864
2019_1279_1280,0.3019714286288535
2019_1279_1285,0.7578872019155201
2019_1279_1293,0.6191854521103566
2019_1279_1295,0.9380231449713807
2019_1279_1297,0.418314900501492
2019_1279_1300,0.9091364280582408
2019_1279_1305,0.5724295086426912
2019_1279_1308,0.6616221704758014
2019_1279_1314,0.23737385502320052
2019_1279_1318,0.6703699404251908
2019_1279_1326,0.681850606889853
2019_1279_1328,0.6794016018861994
2019_1279_1330,0.5826329823947585
2019_1279_1332,0.4312297530275495
2019_1279_1341,0.8658368395349774
2019_1279_1345,0.20387276252370468
2019_1279_1371,0.6089374328941957
2019_1279_1385,0.6358249997365911
2019_1279_1387,0.6322634717443787
2019_1279_1388,0.47279799110454207
2019_1279_1393,0.4863779145956359
2019_1279_1396,0.7854943094312357
2019_1279_1397,0.27826265918035065
2019_1279_1403,0.2915441481176029
2019_1279_1414,0.53149494490967
2019_1279_1416,0.7352835566020255
2019_1279_1429,0.6073389271990135
2019_1279_1433,0.5585578824991695
2019_1279_1436,0.6009065697637128
2019_1279_1437,0.45172685428037074
2019_1279_1438,0.13571249868586904
2019_1279_1439,0.25465159122176223
2019_1279_1449,0.45456305308063505
2019_1279_1458,0.3489010711979235
2019_1279_1459,0.41708884157100473
2019_1279_1463,0.7812068089250285
2019_1280_1285,0.8793429940245733
2019_1280_1293,0.7858193407081026
2019_1280_1295,0.9721200061758702
2019_1280_1297,0.6243303959627737
2019_1280_1300,0.956954642469606
2019_1280_1305,0.7565294580944026
2019_1280_1308,0.8179277199599764
2019_1280_1314,0.4183727920463564
2019_1280_1318,0.8253601515734672
2019_1280_1326,0.8327702988125905
2019_1280_1328,0.8313035438744216
2019_1280_1330,0.7637984731317146
2019_1280_1332,0.6355649374082211
2019_1280_1341,0.9328522065340463
2019_1280_1345,0.3728520729906067
2019_1280_1371,0.7835618534672137
2019_1280_1385,0.8023625739756339
2019_1280_1387,0.7994293774558143
2019_1280_1388,0.6748466282039243
2019_1280_1393,0.6865095902081355
2019_1280_1396,0.8934028907843998
2019_1280_1397,0.46702847524248686
2019_1280_1403,0.48617407525408457
2019_1280_1414,0.7230719325338195
2019_1280_1416,0.8656838603576391
2019_1280_1429,0.7824411286164098
2019_1280_1433,0.7461109451670666
2019_1280_1436,0.7762304707746498
2019_1280_1437,0.656563729625586
2019_1280_1438,0.2675186093105342
2019_1280_1439,0.4421870578834719
2019_1280_1449,0.6521164025876364
2019_1280_1458,0.5534348158744108
2019_1280_1459,0.6240674322365789
2019_1280_1463,0.892846877715379
2019_1285_1293,0.3482435621350236
2019_1285_1295,0.826959139178546
2019_1285_1297,0.1860512967903457
2019_1285_1300,0.7591354973634437
2019_1285_1305,0.29992997326963255
2019_1285_1308,0.3854807297506996
2019_1285_1314,0.08982508791875156
2019_1285_1318,0.3934582219660221
2019_1285_1326,0.4060253641853153
2019_1285_1328,0.40342183379813634
2019_1285_1330,0.3100054535607911
2019_1285_1332,0.19457943568770414
2019_1285_1341,0.6798234589952723
2019_1285_1345,0.07568787252551319
2019_1285_1371,0.33194385190288633
2019_1285_1385,0.3577857926983471
2019_1285_1387,0.354233699470358
2019_1285_1388,0.22348923543090887
2019_1285_1393,0.23198151008373696
2019_1285_1396,0.5386778325201602
2019_1285_1397,0.10843170258684191
2019_1285_1403,0.11513350420326963
2019_1285_1414,0.2679779037103841
2019_1285_1416,0.46959654518447946
2019_1285_1429,0.3306089834945001
2019_1285_1433,0.28741238111726697
2019_1285_1436,0.3258577561725905
2019_1285_1437,0.20801931641275584
2019_1285_1438,0.04797551215769598
2019_1285_1439,0.0983588847180585
2019_1285_1449,0.21341154305212404
2019_1285_1458,0.1453614275008191
2019_1285_1459,0.18578013268953308
2019_1285_1463,0.5336733362436088
2019_1293_1295,0.8924017774754218
2019_1293_1297,0.30805137244026376
2019_1293_1300,0.8342506036187016
2019_1293_1305,0.45145640173607526
2019_1293_1308,0.5407399456108026
2019_1293_1314,0.16520206584165278
2019_1293_1318,0.5518409257652278
2019_1293_1326,0.5641527785292941
2019_1293_1328,0.5618949223645837
2019_1293_1330,0.4620886481644334
2019_1293_1332,0.3172929674780271
2019_1293_1341,0.7642389683209118
2019_1293_1345,0.14426854841232292
2019_1293_1371,0.4881223814660037
2019_1293_1385,0.515712605413482
2019_1293_1387,0.5114007084543175
2019_1293_1388,0.3627251052944386
2019_1293_1393,0.36836031599930164
2019_1293_1396,0.6769982425993035
2019_1293_1397,0.1885505013284115
2019_1293_1403,0.203035351200543
2019_1293_1414,0.41659992293659254
2019_1293_1416,0.623141844913257
2019_1293_1429,0.48660423136988495
2019_1293_1433,0.43832088006255554
2019_1293_1436,0.4805913445985496
2019_1293_1437,0.34109421540486184
2019_1293_1438,0.09548080644209915
2019_1293_1439,0.18186309442822887
2019_1293_1449,0.3348551866255449
2019_1293_1458,0.25140661506158724
2019_1293_1459,0.3115190262914528
2019_1293_1463,0.6819546242042072
2019_1295_1297,0.04531810087010389
2019_1295_1300,0.42031840687680316
2019_1295_1305,0.08159774789145514
2019_1295_1308,0.11971598928590563
2019_1295_1314,0.02025015717810448
2019_1295_1318,0.119975270914254
2019_1295_1326,0.1256735539464338
2019_1295_1328,0.12421212585538599
2019_1295_1330,0.08492309020186392
2019_1295_1332,0.047456377687557616
2019_1295_1341,0.35602789902930343
2019_1295_1345,0.017081299463949845
2019_1295_1371,0.09411071328512977
2019_1295_1385,0.10448394788089081
2019_1295_1387,0.1041474892243439
2019_1295_1388,0.0580983740906484
2019_1295_1393,0.058876932417291826
2019_1295_1396,0.20241373672503193
2019_1295_1397,0.02431114495581039
2019_1295_1403,0.026253849524078957
2019_1295_1414,0.07361461347518389
2019_1295_1416,0.1573741894178175
2019_1295_1429,0.09340113602474835
2019_1295_1433,0.07808779022012999
2019_1295_1436,0.09449549822024886
2019_1295_1437,0.05249596813760102
2019_1295_1438,0.010624380628626702
2019_1295_1439,0.02258324760479229
2019_1295_1449,0.052518912216814956
2019_1295_1458,0.03429569834611175
2019_1295_1459,0.04596964416209231
2019_1295_1463,0.19253947437167224
2019_1297_1300,0.931971887924711
2019_1297_1305,0.6510593001001252
2019_1297_1308,0.7311386779523423
2019_1297_1314,0.3021030275156541
2019_1297_1318,0.7395530480746505
2019_1297_1326,0.7495254079810375
2019_1297_1328,0.7474431484754949
2019_1297_1330,0.6602150306032761
2019_1297_1332,0.5125840893175473
2019_1297_1341,0.8970266876105055
2019_1297_1345,0.26314650927068195
2019_1297_1371,0.6848844356119557
2019_1297_1385,0.709101198844126
2019_1297_1387,0.7057707212761932
2019_1297_1388,0.5556797851080414
2019_1297_1393,0.5684340930033973
2019_1297_1396,0.8356238172768851
2019_1297_1397,0.3471852796111542
2019_1297_1403,0.3633693669496603
2019_1297_1414,0.612302829790877
2019_1297_1416,0.7949592790376413
2019_1297_1429,0.6834097582009568
2019_1297_1433,0.6383979099629102
2019_1297_1436,0.6770485747884556
2019_1297_1437,0.5346804124378005
2019_1297_1438,0.17976454680935638
2019_1297_1439,0.322650933203162
2019_1297_1449,0.5335068700831633
2019_1297_1458,0.4271101348077508
2019_1297_1459,0.4994564098960186
2019_1297_1463,0.8331882597845764
2019_1300_1305,0.11881027347814549
2019_1300_1308,0.17840104092499676
2019_1300_1314,0.03159377932184314
2019_1300_1318,0.17419208936751865
2019_1300_1326,0.1818077327400936
2019_1300_1328,0.17932980020159905
2019_1300_1330,0.12166808329886687
2019_1300_1332,0.0697616769279851
2019_1300_1341,0.43800868410746396
2019_1300_1345,0.027448298915955058
2019_1300_1371,0.13822356241639472
2019_1300_1385,0.15271037165915868
2019_1300_1387,0.15453067580819974
2019_1300_1388,0.0909882912307816
2019_1300_1393,0.08687860807937581
2019_1300_1396,0.2811041039624118
2019_1300_1397,0.03576489517827927
2019_1300_1403,0.039783193975403724
2019_1300_1414,0.11496410856947768
2019_1300_1416,0.2231152506488765
2019_1300_1429,0.13667698617793467
2019_1300_1433,0.11691927875799851
2019_1300_1436,0.1438183562588875
2019_1300_1437,0.08082371413782113
2019_1300_1438,0.01732087548235029
2019_1300_1439,0.03596286772803719
2019_1300_1449,0.07285081519667891
2019_1300_1458,0.05256445121828651
2019_1300_1459,0.07130727200927703
2019_1300_1463,0.2633339928502624
2019_1305_1308,0.5927541484644462
2019_1305_1314,0.1879345279663942
2019_1305_1318,0.6024135176385597
2019_1305_1326,0.614889946380387
2019_1305_1328,0.612303489612845
2019_1305_1330,0.5110485584963526
2019_1305_1332,0.36150176100508713
2019_1305_1341,0.8279975849523795
2019_1305_1345,0.1600554837375981
2019_1305_1371,0.5372142367446764
2019_1305_1385,0.5654694677459648
2019_1305_1387,0.5614020538436291
2019_1305_1388,0.4003937130239035
2019_1305_1393,0.4141168540951885
2019_1305_1396,0.7314242241111254
2019_1305_1397,0.2231576078002805
2019_1305_1403,0.23444399147320752
2019_1305_1414,0.45807448092970054
2019_1305_1416,0.6741187723021607
2019_1305_1429,0.5356637604332242
2019_1305_1433,0.4851934333654868
2019_1305_1436,0.5285337096174872
2019_1305_1437,0.38014874724398895
2019_1305_1438,0.10466655258788751
2019_1305_1439,0.20268317517454398
2019_1305_1449,0.3858266893214196
2019_1305_1458,0.28511500304524445
2019_1305_1459,0.3474925635883323
2019_1305_1463,0.7271895904079381
2019_1308_1314,0.13843934513824452
2019_1308_1318,0.509648312016779
2019_1308_1326,0.5225052484351066
2019_1308_1328,0.5199438268153294
2019_1308_1330,0.4178768750807711
2019_1308_1332,0.27830616929604324
2019_1308_1341,0.7501544007538338
2019_1308_1345,0.11918110769348841
2019_1308_1371,0.44403789940922933
2019_1308_1385,0.4721776165291035
2019_1308_1387,0.4683321360158272
2019_1308_1388,0.319413167157193
2019_1308_1393,0.326285981351207
2019_1308_1396,0.6456728707948428
2019_1308_1397,0.16144259032281644
2019_1308_1403,0.17297001698576803
2019_1308_1414,0.3725972497125637
2019_1308_1416,0.5849871222960313
2019_1308_1429,0.44243690072891884
2019_1308_1433,0.3941165837516033
2019_1308_1436,0.4374107551485113
2019_1308_1437,0.2990560867603372
2019_1308_1438,0.07743016605472344
2019_1308_1439,0.15216030446030548
2019_1308_1449,0.29719904368717176
2019_1308_1458,0.21590699566345747
2019_1308_1459,0.27088279978197305
2019_1308_1463,0.6461493868453453
2019_1314_1318,0.8678851304193118
2019_1314_1326,0.8737596390699633
2019_1314_1328,0.8726229548051588
2019_1314_1330,0.8180145511471704
2019_1314_1332,0.7077632583228419
2019_1314_1341,0.9500569439638566
2019_1314_1345,0.4524675210835706
2019_1314_1371,0.8342794093478272
2019_1314_1385,0.8495067810361658
2019_1314_1387,0.8470043555140119
2019_1314_1388,0.7422404448316984
2019_1314_1393,0.7527200683478308
2019_1314_1396,0.9206872819939855
2019_1314_1397,0.5483055461301225
2019_1314_1403,0.5679109500512005
2019_1314_1414,0.7833471836937389
2019_1314_1416,0.8995398219006648
2019_1314_1429,0.8333803376841407
2019_1314_1433,0.803362905834384
2019_1314_1436,0.8278184728076332
2019_1314_1437,0.7265671467705321
2019_1314_1438,0.33673965735576583
2019_1314_1439,0.5242274968468388
2019_1314_1449,0.7212497700403457
2019_1314_1458,0.6327529761361375
2019_1314_1459,0.6976351008099883
2019_1314_1463,0.9205713350871627
2019_1318_1326,0.513065477282324
2019_1318_1328,0.5104203151691792
2019_1318_1330,0.40862964812083635
2019_1318_1332,0.27087851502735727
2019_1318_1341,0.7566163960594108
2019_1318_1345,0.1122814753201519
2019_1318_1371,0.43382154211200114
2019_1318_1385,0.46210020180393063
2019_1318_1387,0.4580199866042357
2019_1318_1388,0.30724210880005975
2019_1318_1393,0.31746079169379626
2019_1318_1396,0.641063298756613
2019_1318_1397,0.15733800241097645
2019_1318_1403,0.16691535094809645
2019_1318_1414,0.3600285125436846
2019_1318_1416,0.5769208250033238
2019_1318_1429,0.4323183050220216
2019_1318_1433,0.38348927560290624
2019_1318_1436,0.42619002317277577
2019_1318_1437,0.28835409457144223
2019_1318_1438,0.07226832572864648
2019_1318_1439,0.14415717157824948
2019_1318_1449,0.2924745180137499
2019_1318_1458,0.20776570362343313
2019_1318_1459,0.26037540997214786
2019_1318_1463,0.638295381307292
2019_1326_1328,0.49734456636327695
2019_1326_1330,0.3960534746957738
2019_1326_1332,0.26063490611344386
2019_1326_1341,0.7474438158097145
2019_1326_1345,0.10722478246592951
2019_1326_1371,0.42101702993072265
2019_1326_1385,0.44912682646793445
2019_1326_1387,0.4451257016347254
2019_1326_1388,0.29637850189889847
2019_1326_1393,0.3062089754085199
2019_1326_1396,0.6290507097385873
2019_1326_1397,0.1504698375242477
2019_1326_1403,0.15973904615010742
2019_1326_1414,0.34832664430503824
2019_1326_1416,0.5641123387657383
2019_1326_1429,0.4195187563455982
2019_1326_1433,0.37121846295786476
2019_1326_1436,0.4136504900484257
2019_1326_1437,0.2777882041987465
2019_1326_1438,0.06888523665928337
2019_1326_1439,0.13787707493096807
2019_1326_1449,0.28182463604988617
2019_1326_1458,0.19928456054858967
2019_1326_1459,0.25048332003415674
2019_1326_1463,0.6261183101601647
2019_1328_1330,0.3987140446910359
2019_1328_1332,0.2628995687802266
2019_1328_1341,0.7505975372812661
2019_1328_1345,0.1080628138102184
2019_1328_1371,0.42359327361395266
2019_1328_1385,0.45173860689470147
2019_1328_1387,0.4476772505720546
2019_1328_1388,0.2982694607474436
2019_1328_1393,0.3085893974640251
2019_1328_1396,0.6318127508586819
2019_1328_1397,0.15212485661886693
2019_1328_1403,0.1612822288682015
2019_1328_1414,0.35036113361459204
2019_1328_1416,0.5667863255862216
2019_1328_1429,0.4221092355929421
2019_1328_1433,0.3736349492626587
2019_1328_1436,0.4160131990453655
2019_1328_1437,0.27977437770941765
2019_1328_1438,0.06940312236393807
2019_1328_1439,0.13895844141533706
2019_1328_1449,0.2844943120494811
2019_1328_1458,0.20098116510400574
2019_1328_1459,0.25231211338692466
2019_1328_1463,0.6286097901476679
2019_1330_1332,0.352498007038339
2019_1330_1341,0.825251468449842
2019_1330_1345,0.15433071064942266
2019_1330_1371,0.525951117493124
2019_1330_1385,0.5542222136543644
2019_1330_1387,0.5502593773716569
2019_1330_1388,0.3895838568857718
2019_1330_1393,0.40403750195673377
2019_1330_1396,0.7231511084458639
2019_1330_1397,0.2174951755015806
2019_1330_1403,0.2278388620339993
2019_1330_1414,0.4468360823336496
2019_1330_1416,0.6639310057845653
2019_1330_1429,0.5244003738427575
2019_1330_1433,0.47408299371485907
2019_1330_1436,0.5173919017371178
2019_1330_1437,0.36991929574775795
2019_1330_1438,0.10057874685693013
2019_1330_1439,0.195838549069931
2019_1330_1449,0.37740515530459995
2019_1330_1458,0.2769531481376901
2019_1330_1459,0.33769962264706777
2019_1330_1463,0.7173634508250738
2019_1332_1341,0.8955411847028847
2019_1332_1345,0.25355084519103704
2019_1332_1371,0.6731155925196397
2019_1332_1385,0.6978371914910991
2019_1332_1387,0.6949465712946749
2019_1332_1388,0.5431393660043728
2019_1332_1393,0.5555503066882566
2019_1332_1396,0.829358642573702
2019_1332_1397,0.33753961762006357
2019_1332_1403,0.3527430055712797
2019_1332_1414,0.6005749094009036
2019_1332_1416,0.7862465085349147
2019_1332_1429,0.6715101030649688
2019_1332_1433,0.626168226271557
2019_1332_1436,0.666267942503111
2019_1332_1437,0.5219279506323877
2019_1332_1438,0.1723445128882024
2019_1332_1439,0.3118373596418019
2019_1332_1449,0.5210042297856472
2019_1332_1458,0.41514603522996585
2019_1332_1459,0.48674102244229384
2019_1332_1463,0.8250335730377671
2019_1341_1345,0.04415658763083657
2019_1341_1371,0.19830269990008695
2019_1341_1385,0.2167356361898206
2019_1341_1387,0.2199536066338574
2019_1341_1388,0.13788653980734641
2019_1341_1393,0.12895418516261292
2019_1341_1396,0.3629501469611951
2019_1341_1397,0.054684684339233514
2019_1341_1403,0.06162548539967747
2019_1341_1414,0.17088242636041437
2019_1341_1416,0.30058680098530977
2019_1341_1429,0.19604345714798413
2019_1341_1433,0.1711924651069135
2019_1341_1436,0.20762758056638025
2019_1341_1437,0.12260389878089245
2019_1341_1438,0.028288039831296484
2019_1341_1439,0.057227014836746776
2019_1341_1449,0.10573945865523614
2019_1341_1458,0.08117178179883094
2019_1341_1459,0.10924302646373561
2019_1341_1463,0.3447334372679323
2019_1345_1371,0.8587831939058599
2019_1345_1385,0.8719677780727101
2019_1345_1387,0.8690867966666826
2019_1345_1388,0.7751871434683237
2019_1345_1393,0.7870658169205211
2019_1345_1396,0.9321242306195432
2019_1345_1397,0.5952544085744547
2019_1345_1403,0.6142071412585371
2019_1345_1414,0.811459008770338
2019_1345_1416,0.9148338993241458
2019_1345_1429,0.8581705989331871
2019_1345_1433,0.8312452683054843
2019_1345_1436,0.8513088524027761
2019_1345_1437,0.7620048400857466
2019_1345_1438,0.3813508538763024
2019_1345_1439,0.5710748368859241
2019_1345_1449,0.7599221729979257
2019_1345_1458,0.675827058938802
2019_1345_1459,0.7354805978863
2019_1345_1463,0.9334018533811304
2019_1371_1385,0.5285595913755927
2019_1371_1387,0.5242684024602109
2019_1371_1388,0.365641801707429
2019_1371_1393,0.37792723453979166
2019_1371_1396,0.6998728227181911
2019_1371_1397,0.1966186261222783
2019_1371_1403,0.20763387546903406
2019_1371_1414,0.42193931025620146
2019_1371_1416,0.6403435912202406
2019_1371_1429,0.49848207678315976
2019_1371_1433,0.4479750198931165
2019_1371_1436,0.4913200174665633
2019_1371_1437,0.3455971490523995
2019_1371_1438,0.09182770210048469
2019_1371_1439,0.17976067309899313
2019_1371_1449,0.3502734765624414
2019_1371_1458,0.2550705137513397
2019_1371_1459,0.31444289422407923
2019_1371_1463,0.6972066322099892
2019_1385_1387,0.49574727288881215
2019_1385_1388,0.3398388421712745
2019_1385_1393,0.3514015662385954
2019_1385_1396,0.6752963088400546
2019_1385_1397,0.1789841410441918
2019_1385_1403,0.18932954157893556
2019_1385_1414,0.3947912670316425
2019_1385_1416,0.6135683168980677
2019_1385_1429,0.46993164872254495
2019_1385_1433,0.41990603739973764
2019_1385_1436,0.46308936016555213
2019_1385_1437,0.3202794642556104
2019_1385_1438,0.08285026041893717
2019_1385_1439,0.1636278959484564
2019_1385_1449,0.3249846732785925
2019_1385_1458,0.23391192119222673
2019_1385_1459,0.2904165001680217
2019_1385_1463,0.6725783090584361
2019_1387_1388,0.3448511091428683
2019_1387_1393,0.3549734412946472
2019_1387_1396,0.6771198402853874
2019_1387_1397,0.1803066001916448
2019_1387_1403,0.19159884028079543
2019_1387_1414,0.3999217668587076
2019_1387_1416,0.6170242352048252
2019_1387_1429,0.4741997922980421
2019_1387_1433,0.4242903101039942
2019_1387_1436,0.46762105018741984
2019_1387_1437,0.32464868555049253
2019_1387_1438,0.08505015233485097
2019_1387_1439,0.1669361288818333
2019_1387_1449,0.3267230426474307
2019_1387_1458,0.23713450268448422
2019_1387_1459,0.29470862026272826
2019_1387_1463,0.6761848245962212
2019_1388_1393,0.5134221518176967
2019_1388_1396,0.7967402237910286
2019_1388_1397,0.2960008800575915
2019_1388_1403,0.3126010772743123
2019_1388_1414,0.556610137213614
2019_1388_1416,0.7536553539615175
2019_1388_1429,0.6331295851321996
2019_1388_1433,0.5847290725268759
2019_1388_1436,0.6233693724279223
2019_1388_1437,0.47897766937727027
2019_1388_1438,0.152207213697134
2019_1388_1439,0.2780431452888864
2019_1388_1449,0.4793126591749504
2019_1388_1458,0.37366153837774013
2019_1388_1459,0.4443088175552203
2019_1388_1463,0.7995309509834729
2019_1393_1396,0.7944273044298685
2019_1393_1397,0.28879047511683215
2019_1393_1403,0.3026655120990221
2019_1393_1414,0.5451399966423043
2019_1393_1416,0.7459503270858009
2019_1393_1429,0.6204952337782345
2019_1393_1433,0.5721465897067104
2019_1393_1436,0.6139797876315984
2019_1393_1437,0.4653965565561119
2019_1393_1438,0.14232332983499463
2019_1393_1439,0.26520314376054754
2019_1393_1449,0.467421373722612
2019_1393_1458,0.3613171894445779
2019_1393_1459,0.4305219423172407
2019_1393_1463,0.7906997976181371
2019_1396_1397,0.09306647171337501
2019_1396_1403,0.10054754008947298
2019_1396_1414,0.24561718878574157
2019_1396_1416,0.4321843964144907
2019_1396_1429,0.2984800162327904
2019_1396_1433,0.2592884670451153
2019_1396_1436,0.298439993072299
2019_1396_1437,0.18692738576668377
2019_1396_1438,0.043210711548125905
2019_1396_1439,0.0880930099998338
2019_1396_1449,0.18392128058458312
2019_1396_1458,0.12859963429285126
2019_1396_1459,0.16682028371598473
2019_1396_1463,0.4944290936928448
2019_1397_1403,0.5191277433181487
2019_1397_1414,0.7506462654407695
2019_1397_1416,0.8799663703073977
2019_1397_1429,0.8019823092434502
2019_1397_1433,0.7691490464539383
2019_1397_1436,0.7998714527816171
2019_1397_1437,0.685212821533886
2019_1397_1438,0.2943618705054466
2019_1397_1439,0.47541873880721164
2019_1397_1449,0.6748692539881591
2019_1397_1458,0.5851575857635678
2019_1397_1459,0.6542235374670061
2019_1397_1463,0.9033086465538858
2019_1403_1414,0.7350121661949861
2019_1403_1416,0.8720949149098378
2019_1403_1429,0.7911322775911176
2019_1403_1433,0.7562483379987929
2019_1403_1436,0.7865899366451066
2019_1403_1437,0.6689264639840786
2019_1403_1438,0.2781469103842615
2019_1403_1439,0.4558836595917366
2019_1403_1449,0.6621692000488785
2019_1403_1458,0.5668953445468108
2019_1403_1459,0.6369899810960444
2019_1403_1463,0.8976003291413623
2019_1414_1416,0.7063745333131579
2019_1414_1429,0.5767548732623078
2019_1414_1433,0.5269314631828925
2019_1414_1436,0.5674856877440573
2019_1414_1437,0.4219848150394109
2019_1414_1438,0.12612896418982095
2019_1414_1439,0.23541831130361124
2019_1414_1449,0.4212382991762898
2019_1414_1458,0.3214075979553844
2019_1414_1459,0.38867323222278843
2019_1414_1463,0.7582309970503951
2019_1416_1429,0.35818659496752286
2019_1416_1433,0.3133377527261871
2019_1416_1436,0.3538685659026598
2019_1416_1437,0.229347242578543
2019_1416_1438,0.054287100695648585
2019_1416_1439,0.11023975231227542
2019_1416_1449,0.23249412801794106
2019_1416_1458,0.1612546584161486
2019_1416_1459,0.20549914628200236
2019_1416_1463,0.5638417592704023
2019_1429_1433,0.4494763016360195
2019_1429_1436,0.4928123781247306
2019_1429_1437,0.3469274131294059
2019_1429_1438,0.09219501407642142
2019_1429_1439,0.18054917627884792
2019_1429_1449,0.3521467601882973
2019_1429_1458,0.2563268160610732
2019_1429_1459,0.3156906815968983
2019_1429_1463,0.6983998496701964
2019_1433_1436,0.5428576555903553
2019_1433_1437,0.39430073584642467
2019_1433_1438,0.11108118571847561
2019_1433_1439,0.21286798465493675
2019_1433_1449,0.397140181291751
2019_1433_1458,0.2966582548372071
2019_1433_1459,0.3612163346889329
2019_1433_1463,0.7394615921212829
2019_1436_1437,0.35545897428314954
2019_1436_1438,0.09770073980602646
2019_1436_1439,0.1881406884242559
2019_1436_1449,0.35463910888584194
2019_1436_1458,0.2629207435528934
2019_1436_1459,0.32435235529792494
2019_1436_1463,0.7034554697128398
2019_1437_1438,0.16137324965416883
2019_1437_1439,0.29371792210510517
2019_1437_1449,0.5003438343933393
2019_1437_1458,0.3933171293410447
2019_1437_1459,0.46487397893257837
2019_1437_1463,0.8134914905183432
2019_1438_1439,0.6835632015556747
2019_1438_1449,0.8376091701109221
2019_1438_1458,0.7724095231269527
2019_1438_1459,0.8185744918435791
2019_1438_1463,0.9579880727989502
2019_1439_1449,0.704013469807516
2019_1439_1458,0.6099103797766445
2019_1439_1459,0.676210348214088
2019_1439_1463,0.9131505338893431
2019_1449_1458,0.3965603357541171
2019_1449_1459,0.46516768697634575
2019_1449_1463,0.8065993776064742
2019_1458_1459,0.5725441268781966
2019_1458_1463,0.8704801272755396
2019_1459_1463,0.8339484036673024
